,mean_fit_time,std_fit_time,mean_score_time,std_score_time,param_colsample_bytree,param_learning_rate,param_n_estimators,params,split0_test_score,split1_test_score,split2_test_score,split3_test_score,split4_test_score,mean_test_score,std_test_score,rank_test_score,split0_train_score,split1_train_score,split2_train_score,split3_train_score,split4_train_score,mean_train_score,std_train_score
0,1.7689650535583497,0.035886309262600724,0.040885400772094724,0.020003401568222168,0.1,0.01,100,"{'colsample_bytree': 0.1, 'learning_rate': 0.01, 'n_estimators': 100}",-1.0718774548311076,-0.98586017282011,-1.0011783189316574,-1.0322200392927308,-0.9768172888015717,-1.0135906549354354,0.03469792842186473,80,-0.8277352190139462,-0.7942447456295423,-0.7890394814378314,-0.8112540508690955,-0.8032014141215752,-0.805094982214398,0.013635298224011985
1,3.480167818069458,0.08201468144280298,0.05898241996765137,0.0005607464157658817,0.1,0.01,200,"{'colsample_bytree': 0.1, 'learning_rate': 0.01, 'n_estimators': 200}",-1.0235663786331501,-0.9815396700706991,-0.997643362136685,-1.0514734774066798,-0.9673870333988213,-1.004321984329207,0.030071376586895623,79,-0.7767629149479474,-0.7394421528186996,-0.7460223924572775,-0.7470293626632623,-0.7491898261808897,-0.7516893298136152,0.012951872506216417
2,8.484596633911133,0.07696345878339134,0.17474145889282228,0.04190692428437564,0.1,0.01,500,"{'colsample_bytree': 0.1, 'learning_rate': 0.01, 'n_estimators': 500}",-0.9120188531029065,-0.8896307934014139,-0.9104477611940298,-0.9473477406679764,-0.8891944990176818,-0.9097279294768018,0.02119685508594884,76,-0.6161854252602632,-0.6057748968768415,-0.6002749950893734,-0.5980555828341353,-0.6058136109201611,-0.6052209021961549,0.006271886134644819
3,16.87022376060486,0.2592298704129971,0.35514583587646487,0.019922843111516746,0.1,0.01,1000,"{'colsample_bytree': 0.1, 'learning_rate': 0.01, 'n_estimators': 1000}",-0.8468185388845247,-0.8354281225451688,-0.8385703063629222,-0.8844793713163065,-0.8365422396856581,-0.848367715758916,0.018491705188288694,68,-0.42447456295423297,-0.40326065605971323,-0.4215281869966608,-0.41166650299518803,-0.41873711087105964,-0.41593340397537093,0.007627827342342427
4,33.750318956375125,1.2610935549377873,0.7468408107757568,0.02428094348928272,0.1,0.01,2000,"{'colsample_bytree': 0.1, 'learning_rate': 0.01, 'n_estimators': 2000}",-0.7918303220738413,-0.8130400628436764,-0.8012568735271013,-0.8290766208251473,-0.7834970530451867,-0.8037401864629906,0.01603882022070454,58,-0.18630917305048125,-0.17059516794342958,-0.17580043213514043,-0.17067661789256605,-0.18196994991652754,-0.17707026818762897,0.006225470503946298
5,1.8249796867370605,0.04955623418317384,0.030816984176635743,0.000278301439343377,0.1,0.05,100,"{'colsample_bytree': 0.1, 'learning_rate': 0.05, 'n_estimators': 100}",-0.9222309505106049,-0.8546739984289081,-0.8837391987431265,-0.9485265225933203,-0.9033398821218075,-0.9025021104795534,0.032086603621671345,73,-0.6063641720683559,-0.5989982321744255,-0.6125515615792575,-0.6012962781105764,-0.6106255523912403,-0.6059671592647712,0.005207603576946377
6,3.4624525547027587,0.07046039787165784,0.06031503677368164,0.0039450889962378485,0.1,0.05,200,"{'colsample_bytree': 0.1, 'learning_rate': 0.05, 'n_estimators': 200}",-0.8440691280439906,-0.828750981932443,-0.8578161822466615,-0.8836935166994107,-0.8463654223968566,-0.8521390462638724,0.018294121149914636,70,-0.4251620506776665,-0.4098408956982911,-0.4268316637202907,-0.41097908278503387,-0.4227634292448198,-0.41911542442522043,0.007233628625411289
7,8.206747102737427,0.07920378688223642,0.1496506690979004,0.0029085347898700977,0.1,0.05,500,"{'colsample_bytree': 0.1, 'learning_rate': 0.05, 'n_estimators': 500}",-0.7827965435978005,-0.7922230950510605,-0.8008641005498822,-0.8200392927308447,-0.768565815324165,-0.7928977694507505,0.017289642321581176,53,-0.10773914751522294,-0.10891769789825181,-0.11314083677077195,-0.10546990081508396,-0.1182362761465187,-0.11070077182916986,0.0045177499935721045
8,16.101553440093994,0.20174445353245524,0.34844460487365725,0.01785596969292892,0.1,0.05,1000,"{'colsample_bytree': 0.1, 'learning_rate': 0.05, 'n_estimators': 1000}",-0.7446975648075412,-0.7611940298507462,-0.7776904948939513,-0.7972495088408644,-0.7611001964636542,-0.7683863589713515,0.017808004362416505,45,-0.006089176978982518,-0.006580239638577882,-0.009723040659988214,-0.006972404988706668,-0.009427477167828734,-0.007758467886816803,0.0015124673206983374
9,30.934782409667967,0.5771127690754954,0.7422417163848877,0.030891251789025794,0.1,0.05,2000,"{'colsample_bytree': 0.1, 'learning_rate': 0.05, 'n_estimators': 2000}",-0.7242733699921445,-0.7454831107619796,-0.7714061272584446,-0.7838899803536346,-0.7269155206286837,-0.7503936217989774,0.02375345587389621,32,-0.0003928501276762915,-0.0,-0.0,-0.0,-0.0003928115486595306,-0.0001571323352671644,0.00019244702213493171
10,1.7707104682922363,0.052526506418927504,0.034341859817504886,0.0074067110586463975,0.1,0.1,100,"{'colsample_bytree': 0.1, 'learning_rate': 0.1, 'n_estimators': 100}",-0.8491751767478397,-0.8142183817753339,-0.8460329929300864,-0.8962671905697446,-0.8424361493123772,-0.8496259782670762,0.026434473629804032,69,-0.4416617560400707,-0.42260852484777056,-0.44637595757218623,-0.436806442109398,-0.4318962977511539,-0.4358697956641159,0.008203091355427464
11,3.3671165466308595,0.043966880557571884,0.060836267471313474,0.005143028270176366,0.1,0.1,200,"{'colsample_bytree': 0.1, 'learning_rate': 0.1, 'n_estimators': 200}",-0.7588373919874313,-0.800471327572663,-0.8326787117046347,-0.8707269155206286,-0.8039292730844794,-0.8133287239739675,0.03712665349560947,60,-0.1878805735611864,-0.18375564722058535,-0.18729129836967198,-0.1861926740646175,-0.19679858587842483,-0.1883837558188972,0.004437933055945704
12,8.02672119140625,0.13371552489636393,0.15218181610107423,0.005058702817179575,0.1,0.1,500,"{'colsample_bytree': 0.1, 'learning_rate': 0.1, 'n_estimators': 500}",-0.7490180675569521,-0.7894736842105263,-0.7851531814611155,-0.7992141453831041,-0.7815324165029469,-0.7808782990229289,0.016993297189602248,47,-0.008446277745040268,-0.006285602042820664,-0.009428403064230996,-0.007561622311695964,-0.009918491603653148,-0.00832807935348821,0.0013048574033332242
13,15.144293880462646,0.14458353082995876,0.3601318359375,0.023932277647609437,0.1,0.1,1000,"{'colsample_bytree': 0.1, 'learning_rate': 0.1, 'n_estimators': 1000}",-0.7089552238805971,-0.7686567164179104,-0.7757266300078555,-0.7779960707269156,-0.7791748526522594,-0.7621018987371075,0.026822671171838206,40,-0.0,-0.0,-0.0,-0.0,-0.0,0.0,0.0
14,29.54508638381958,0.6667454734920126,0.7043287754058838,0.03538883648353138,0.1,0.1,2000,"{'colsample_bytree': 0.1, 'learning_rate': 0.1, 'n_estimators': 2000}",-0.7109190887666929,-0.7376276512175962,-0.7761194029850746,-0.7654223968565815,-0.7493123772102162,-0.7478801834072322,0.022708900842990473,30,-0.0,-0.0,-0.0,-0.0,-0.0,0.0,0.0
15,1.805873727798462,0.048830139790211474,0.030859375,0.00031530157506930303,0.1,0.3,100,"{'colsample_bytree': 0.1, 'learning_rate': 0.3, 'n_estimators': 100}",-0.7635506677140613,-0.8303220738413197,-0.8291437549096622,-0.8388998035363457,-0.8113948919449901,-0.8146622383892759,0.027075718055291555,61,-0.09251620506776664,-0.08947161657827539,-0.09536436849341975,-0.09466758322694688,-0.1097908278503388,-0.09636212024334949,0.007020929518869098
16,3.3596982955932617,0.05743912527232533,0.06046857833862305,0.004102084625518634,0.1,0.3,200,"{'colsample_bytree': 0.1, 'learning_rate': 0.3, 'n_estimators': 200}",-0.7419481539670071,-0.8232521602513747,-0.8118617439120188,-0.8117878192534381,-0.7791748526522594,-0.7936049460072196,0.029730578937458296,54,-0.004615989000196425,-0.004812414064034571,-0.004026713808681988,-0.003437101050770893,-0.00520475301973878,-0.004419394188684532,0.0006211280585321547
17,7.923925399780273,0.10524555740250247,0.15915288925170898,0.0038226808529727547,0.1,0.3,500,"{'colsample_bytree': 0.1, 'learning_rate': 0.3, 'n_estimators': 500}",-0.7352710133542812,-0.7710133542812254,-0.802827965435978,-0.7925343811394892,-0.7512770137524558,-0.770584745592686,0.025065688202513897,46,-0.0,-0.0,-0.0,-0.0,-0.0,0.0,0.0
18,14.664040040969848,0.14153373729259996,0.357741641998291,0.026520275358194824,0.1,0.3,1000,"{'colsample_bytree': 0.1, 'learning_rate': 0.3, 'n_estimators': 1000}",-0.7144540455616654,-0.7706205813040062,-0.7776904948939513,-0.7669941060903733,-0.7709233791748527,-0.7601365214049698,0.023101207174767747,38,-0.0,-0.0,-0.0,-0.0,-0.0,0.0,0.0
19,26.951689147949217,0.16848703005528848,0.7102616786956787,0.020886298659848982,0.1,0.3,2000,"{'colsample_bytree': 0.1, 'learning_rate': 0.3, 'n_estimators': 2000}",-0.7254516889238021,-0.776904948939513,-0.7843676355066771,-0.7638506876227897,-0.7897838899803536,-0.768071770194627,0.023018624130070484,44,-0.0,-0.0,-0.0,-0.0,-0.0,0.0,0.0
20,3.426294946670532,0.07351533855717099,0.03032402992248535,0.00033888660839554287,0.5,0.01,100,"{'colsample_bytree': 0.5, 'learning_rate': 0.01, 'n_estimators': 100}",-0.8762765121759623,-0.9304791830322073,-0.9328358208955224,-0.9485265225933203,-0.944204322200393,-0.9264644721794811,0.025988380727680723,77,-0.7801021410331959,-0.7635042231388726,-0.7432724415635436,-0.7593047235588727,-0.7509574781498576,-0.7594282014888685,0.012464370888446801
21,6.799359321594238,0.0639594494479322,0.05750007629394531,0.0002936961335175539,0.5,0.01,200,"{'colsample_bytree': 0.5, 'learning_rate': 0.01, 'n_estimators': 200}",-0.852317360565593,-0.8884524744697565,-0.875490966221524,-0.9143418467583497,-0.9072691552062868,-0.8875743606443021,0.022334810520447605,71,-0.7027106658809664,-0.6903358868591633,-0.6772736201139266,-0.6823136600216047,-0.6871256014926839,-0.6879518868736689,0.00860235716853781
22,16.612977933883666,0.08468151282743258,0.153633451461792,0.004154811563997289,0.5,0.01,500,"{'colsample_bytree': 0.5, 'learning_rate': 0.01, 'n_estimators': 500}",-0.7890809112333071,-0.8318931657501963,-0.8417124901806756,-0.8660117878192535,-0.8385068762278979,-0.8334410462422662,0.025000600541488067,62,-0.504124926340601,-0.4975446867020232,-0.501374975446867,-0.4960227830698222,-0.5031915938328587,-0.5004517930784345,0.0031596860274755584
23,30.809148120880128,0.165020675930276,0.3580009937286377,0.023400265797733483,0.5,0.01,1000,"{'colsample_bytree': 0.5, 'learning_rate': 0.01, 'n_estimators': 1000}",-0.7710133542812254,-0.7772977219167321,-0.7918303220738413,-0.8110019646365423,-0.8035363457760314,-0.7909359417368744,0.015133577924190022,51,-0.27882537811824787,-0.28000392850127676,-0.2852091926929876,-0.2750662869488363,-0.28832367671609543,-0.28148569259548883,0.004713897466316596
24,57.58645520210266,0.9550300777224137,0.742842721939087,0.04362834392598418,0.5,0.01,2000,"{'colsample_bytree': 0.5, 'learning_rate': 0.01, 'n_estimators': 2000}",-0.7446975648075412,-0.7592301649646505,-0.7647289866457188,-0.7819253438113949,-0.7827111984282907,-0.7666586517315193,0.014366290435496473,42,-0.09330190532311923,-0.08082891376939698,-0.08092712630131604,-0.07512520868113523,-0.09289993125797899,-0.0846166170665893,0.0072400745521902
25,3.247612237930298,0.03526909713137427,0.030575370788574217,0.0002824463752169333,0.5,0.05,100,"{'colsample_bytree': 0.5, 'learning_rate': 0.05, 'n_estimators': 100}",-0.7969363707776905,-0.8326787117046347,-0.8566378633150039,-0.8656188605108055,-0.8447937131630648,-0.83933310389424,0.023924789936263235,64,-0.5097230406599882,-0.494598310744451,-0.5054999017874681,-0.4956299715211627,-0.5039772169301777,-0.5018856883286495,0.005849803196905129
26,6.005748319625854,0.0433467511396502,0.06370134353637695,0.012107291654975084,0.5,0.05,200,"{'colsample_bytree': 0.5, 'learning_rate': 0.05, 'n_estimators': 200}",-0.7403770620581304,-0.7663000785545955,-0.8260015710919089,-0.8161100196463654,-0.7933202357563851,-0.788421793421477,0.03162448032450765,50,-0.2849145550972304,-0.29041445688469847,-0.28481634256531135,-0.2826279092605323,-0.2812530688402239,-0.2848052665295993,0.0031251904329458887
27,13.774267482757569,0.08034703989076758,0.15519609451293945,0.02262423817085474,0.5,0.05,500,"{'colsample_bytree': 0.5, 'learning_rate': 0.05, 'n_estimators': 500}",-0.6956009426551453,-0.7285938727415554,-0.753731343283582,-0.7717092337917485,-0.75049115913556,-0.7400253103215183,0.026097749117978113,27,-0.04733844038499312,-0.03496366136318994,-0.041936751129444116,-0.03879014043012865,-0.04723558872630856,-0.04205291640681288,0.00481068798851915
28,26.52783908843994,0.19336335021439233,0.3383680820465088,0.026127921791804846,0.5,0.05,1000,"{'colsample_bytree': 0.5, 'learning_rate': 0.05, 'n_estimators': 1000}",-0.6893165750196386,-0.7026708562450903,-0.7435192458758837,-0.7261296660117879,-0.7241650294695481,-0.7171602745243897,0.01902381029335703,7,-0.001571400510705166,-0.0003928501276762915,-0.0011785503830288745,-0.0017676519689678876,-0.0022586664047923007,-0.001433823879034104,0.0006260231024952104
29,49.11058149337769,0.26627899381252174,0.6925500869750977,0.02826163457880365,0.5,0.05,2000,"{'colsample_bytree': 0.5, 'learning_rate': 0.05, 'n_estimators': 2000}",-0.6952081696779262,-0.6956009426551453,-0.7007069913589945,-0.7182711198428291,-0.7339882121807466,-0.7087550871431283,0.01515643634418183,3,-0.0,-0.0,-0.0,-0.0,-0.0,0.0,0.0
30,3.037562131881714,0.018979415302350554,0.040236377716064455,0.020220301863679898,0.5,0.1,100,"{'colsample_bytree': 0.5, 'learning_rate': 0.1, 'n_estimators': 100}",-0.746661429693637,-0.786331500392773,-0.8130400628436764,-0.8133595284872298,-0.8121807465618861,-0.7943146535958404,0.025950360199180955,55,-0.29807503437438615,-0.29935179728933414,-0.29365547043802787,-0.2835117352450162,-0.29244819797702054,-0.293408447064757,0.0055862053795185645
31,5.718689727783203,0.05113012229544041,0.05758199691772461,0.00042287301607466904,0.5,0.1,200,"{'colsample_bytree': 0.5, 'learning_rate': 0.1, 'n_estimators': 200}",-0.7132757266300078,-0.7529457973291438,-0.7725844461901021,-0.7728880157170923,-0.7508840864440078,-0.7525156144620707,0.02172744107284321,34,-0.08917697898251817,-0.07464152425849538,-0.08259673934394028,-0.07080428164588039,-0.09024845330452716,-0.08149359550707228,0.00772154329428871
32,13.20562024116516,0.08012860982656252,0.18285555839538575,0.02092562027674145,0.5,0.1,500,"{'colsample_bytree': 0.5, 'learning_rate': 0.1, 'n_estimators': 500}",-0.6944226237234878,-0.7336999214454045,-0.746268656716418,-0.7351669941060903,-0.7155206286836935,-0.7250157649350187,0.01820024911187898,17,-0.001669613042624239,-0.000785700255352583,-0.000785700255352583,-0.0011784346459785917,-0.001964057743297653,-0.0012767011885211298,0.0004730029396561984
33,24.46678352355957,0.3267772744757102,0.31974081993103026,0.020981945364135123,0.5,0.1,1000,"{'colsample_bytree': 0.5, 'learning_rate': 0.1, 'n_estimators': 1000}",-0.6893165750196386,-0.7089552238805971,-0.7305577376276512,-0.7045186640471512,-0.681335952848723,-0.7029368306847521,0.017051375554274762,1,-0.0,-0.0,-0.0,-0.0,-0.0,0.0,0.0
34,43.431998300552365,0.3193761957570824,0.6919482231140137,0.026422673959090443,0.5,0.1,2000,"{'colsample_bytree': 0.5, 'learning_rate': 0.1, 'n_estimators': 2000}",-0.680675569520817,-0.7250589159465829,-0.7356637863315004,-0.7084479371316307,-0.693909626719057,-0.7087511671299176,0.019994170125634418,2,-0.0,-0.0,-0.0,-0.0,-0.0,0.0,0.0
35,2.8892119407653807,0.03543389302846703,0.03056168556213379,0.0001076758064591507,0.5,0.3,100,"{'colsample_bytree': 0.5, 'learning_rate': 0.3, 'n_estimators': 100}",-0.7313432835820896,-0.7902592301649647,-0.7945797329143754,-0.7889980353634578,-0.7328094302554028,-0.7675979424560582,0.029065979510798166,43,-0.02082105676684345,-0.014142604596346494,-0.019347868788057356,-0.01856034567416282,-0.021211823627614652,-0.018816739890604957,0.002527808889003652
36,5.362517070770264,0.08349114359646505,0.05767011642456055,0.0005047807706084769,0.5,0.3,200,"{'colsample_bytree': 0.5, 'learning_rate': 0.3, 'n_estimators': 200}",-0.6728201099764336,-0.7368421052631579,-0.7666928515318147,-0.7390962671905698,-0.7379174852652259,-0.7306737638454404,0.031002833555032566,24,-0.0003928501276762915,-0.0,-0.0,-0.0,-0.0,-7.85700255352583e-05,0.0001571400510705166
37,11.614495325088502,0.10542280145312966,0.14667043685913086,0.0005670998000780946,0.5,0.3,500,"{'colsample_bytree': 0.5, 'learning_rate': 0.3, 'n_estimators': 500}",-0.6633935585231736,-0.7333071484681853,-0.7592301649646505,-0.7367387033398821,-0.7225933202357564,-0.7230525791063296,0.032126915704814095,14,-0.0,-0.0,-0.0,-0.0,-0.0,0.0,0.0
38,20.35222134590149,0.15742632689005434,0.3170192241668701,0.004018291389274888,0.5,0.3,1000,"{'colsample_bytree': 0.5, 'learning_rate': 0.3, 'n_estimators': 1000}",-0.6818538884524745,-0.7305577376276512,-0.7733699921445405,-0.7273084479371317,-0.7347740667976425,-0.729572826591888,0.02908071225990884,22,-0.0,-0.0,-0.0,-0.0,-0.0,0.0,0.0
39,34.21717529296875,0.5044625573148022,0.6653242588043213,0.033563012537232824,0.5,0.3,2000,"{'colsample_bytree': 0.5, 'learning_rate': 0.3, 'n_estimators': 2000}",-0.6991358994501178,-0.7297721916732128,-0.7647289866457188,-0.7198428290766208,-0.7383104125736739,-0.7303580638838689,0.02158859487049709,23,-0.0,-0.0,-0.0,-0.0,-0.0,0.0,0.0
40,4.015630626678467,0.03700883133134378,0.03113212585449219,0.0016989407669206053,0.7,0.01,100,"{'colsample_bytree': 0.7, 'learning_rate': 0.01, 'n_estimators': 100}",-0.8601728201099764,-0.9296936370777691,-0.9092694422623724,-0.9080550098231827,-0.9292730844793713,-0.9072927987505345,0.025336578264884214,74,-0.7881555686505598,-0.766843449224121,-0.765566686309173,-0.766473534321909,-0.7568496513797506,-0.7687777779771026,0.010364760023789648
41,8.137967014312744,0.0720475412833417,0.057206916809082034,0.00014732758898422104,0.7,0.01,200,"{'colsample_bytree': 0.7, 'learning_rate': 0.01, 'n_estimators': 200}",-0.8483896307934015,-0.908483896307934,-0.882560879811469,-0.9104125736738703,-0.9056974459724951,-0.891108885311834,0.023602341402021495,72,-0.7203889216263996,-0.7053624042427814,-0.6916126497741112,-0.6966512815476775,-0.6902680938819601,-0.7008566702145859,0.011109146149391094
42,19.444375944137573,0.18378484134984374,0.14238858222961426,0.0025183926879878264,0.7,0.01,500,"{'colsample_bytree': 0.7, 'learning_rate': 0.01, 'n_estimators': 500}",-0.7910447761194029,-0.8373919874312648,-0.8527101335428122,-0.8612966601178782,-0.8479371316306483,-0.8380761377684014,0.02475076859696274,63,-0.5111962286387743,-0.494598310744451,-0.5054999017874681,-0.4958263772954925,-0.49533536285966806,-0.5004912362651708,0.006674640110245176
43,37.2113703250885,0.8332584841096461,0.3472426891326904,0.03257500758081944,0.7,0.01,1000,"{'colsample_bytree': 0.7, 'learning_rate': 0.01, 'n_estimators': 1000}",-0.7596229379418696,-0.7812254516889238,-0.7827965435978005,-0.8298624754420432,-0.7744597249508841,-0.7855934267243042,0.02360116962476475,48,-0.27784325279905714,-0.2690041249263406,-0.2759772146925948,-0.2687813021702838,-0.27978002553275066,-0.2742771840242054,0.004558466519575308
44,69.0968325138092,1.5729419836421525,0.7229681968688965,0.02133978286773213,0.7,0.01,2000,"{'colsample_bytree': 0.7, 'learning_rate': 0.01, 'n_estimators': 2000}",-0.6959937156323645,-0.7560879811468971,-0.7529457973291438,-0.7834970530451867,-0.7677799607072692,-0.7512609015721722,0.029640007385754258,33,-0.08181103908858771,-0.06982911019446081,-0.07552543704576704,-0.07227732495335362,-0.08141019345968771,-0.07617062094837138,0.0047970034711846445
45,3.997794437408447,0.026164471006742754,0.030181169509887695,0.00014352172698513723,0.7,0.05,100,"{'colsample_bytree': 0.7, 'learning_rate': 0.05, 'n_estimators': 100}",-0.7985074626865671,-0.8409269442262373,-0.8315003927729773,-0.8679764243614931,-0.8597249508840864,-0.8397272349862723,0.024356170491229644,65,-0.5167943429581615,-0.49440188568061283,-0.5057945393832253,-0.4963173917313169,-0.5043700284788373,-0.5035356376464308,0.007963926302084362
46,7.236833095550537,0.05439601111176525,0.0589756965637207,0.0015943581799161474,0.7,0.05,200,"{'colsample_bytree': 0.7, 'learning_rate': 0.05, 'n_estimators': 200}",-0.7427336999214454,-0.7788688138256088,-0.7977219167321288,-0.8491159135559921,-0.7886051080550098,-0.791409090418037,0.034363770767625514,52,-0.273620113926537,-0.26753093694755453,-0.27430760164997053,-0.26171069429441224,-0.28439556122950016,-0.27231298160959494,0.007575648905991412
47,16.710122632980347,0.17159401350056577,0.15344548225402832,0.02094289882372257,0.7,0.05,500,"{'colsample_bytree': 0.7, 'learning_rate': 0.05, 'n_estimators': 500}",-0.6881382560879812,-0.7549096622152396,-0.7643362136684996,-0.7827111984282907,-0.7516699410609037,-0.7483530542921829,0.03198673543890417,31,-0.03339226085248478,-0.028874484384207425,-0.03466902376743272,-0.03407640184621428,-0.04114700972208583,-0.034431836114485005,0.003930420411644858
48,31.906220054626466,0.3213149188640298,0.33840065002441405,0.02582177063147073,0.7,0.05,1000,"{'colsample_bytree': 0.7, 'learning_rate': 0.05, 'n_estimators': 1000}",-0.6932443047918303,-0.7073841319717203,-0.7407698350353495,-0.7555992141453831,-0.7418467583497053,-0.7277688488587979,0.023448766427171072,19,-0.000785700255352583,-0.0003928501276762915,-0.0003928501276762915,-0.0011784346459785917,-0.0012766375331434744,-0.0008052945379654465,0.00037470054133403825
49,60.13568067550659,1.143878797662747,0.7207930088043213,0.006214995926326383,0.7,0.05,2000,"{'colsample_bytree': 0.7, 'learning_rate': 0.05, 'n_estimators': 2000}",-0.6724273369992144,-0.7101335428122545,-0.7282010997643362,-0.7131630648330058,-0.7355599214145383,-0.7118969931646698,0.021855546288325887,4,-0.0,-0.0,-0.0,-0.0,-0.0,0.0,0.0
50,3.6803011894226074,0.05350155482169586,0.03060178756713867,0.0002547196705482574,0.7,0.1,100,"{'colsample_bytree': 0.7, 'learning_rate': 0.1, 'n_estimators': 100}",-0.7670856245090337,-0.7879025923016496,-0.788688138256088,-0.8180746561886051,-0.7705304518664047,-0.7864562926243562,0.018086730048535813,49,-0.27823610292673345,-0.2683166372029071,-0.2740129640542133,-0.2698615339290975,-0.2801728370814102,-0.27412001503887234,0.0045913864956421925
51,6.87340726852417,0.030639954089588264,0.05804810523986816,0.00039721166667522383,0.7,0.1,200,"{'colsample_bytree': 0.7, 'learning_rate': 0.1, 'n_estimators': 200}",-0.7266300078554595,-0.7702278083267872,-0.7450903377847604,-0.7948919449901768,-0.7705304518664047,-0.7614741101647177,0.02348589237856762,39,-0.07356118640738558,-0.05892751915144372,-0.06904340993910824,-0.06559952862614161,-0.07954433860355495,-0.06933519654552682,0.006992076584827276
52,16.148176383972167,0.1335601047140327,0.14328341484069823,0.0017867436200723844,0.7,0.1,500,"{'colsample_bytree': 0.7, 'learning_rate': 0.1, 'n_estimators': 500}",-0.6924587588373919,-0.7085624509033779,-0.7317360565593087,-0.7351669941060903,-0.75049115913556,-0.7236830839083458,0.020586381313589402,16,-0.0011785503830288745,-0.0003928501276762915,-0.0003928501276762915,-0.0003928115486595306,-0.0012766375331434744,-0.0007267399440368924,0.0004101202319967378
53,29.172002410888673,0.2581753687350658,0.3312075138092041,0.015553694263486741,0.7,0.1,1000,"{'colsample_bytree': 0.7, 'learning_rate': 0.1, 'n_estimators': 1000}",-0.6842105263157895,-0.7097407698350353,-0.7360565593087196,-0.7280943025540275,-0.7359528487229863,-0.7188110013473116,0.019783295247451045,8,-0.0,-0.0,-0.0,-0.0,-0.0,0.0,0.0
54,51.14531502723694,0.40003976677375747,0.7249873161315918,0.024281079358029613,0.7,0.1,2000,"{'colsample_bytree': 0.7, 'learning_rate': 0.1, 'n_estimators': 2000}",-0.697172034564022,-0.7246661429693637,-0.7368421052631579,-0.7292730844793713,-0.7166994106090373,-0.7209305555769905,0.01355802141561955,12,-0.0,-0.0,-0.0,-0.0,-0.0,0.0,0.0
55,3.510068655014038,0.08026869869306076,0.04080820083618164,0.020556531466625498,0.7,0.3,100,"{'colsample_bytree': 0.7, 'learning_rate': 0.3, 'n_estimators': 100}",-0.7439120188531029,-0.7682639434406913,-0.7796543597800472,-0.7740667976424361,-0.7638506876227897,-0.7659495614678133,0.012240309961128418,41,-0.010312315851502652,-0.01296405421331762,-0.013946179532508348,-0.014337621526072866,-0.01738191102818423,-0.013788416430317144,0.002280463424717344
56,6.6563177585601805,0.0948903531208515,0.05837717056274414,0.00019938987820608447,0.7,0.3,200,"{'colsample_bytree': 0.7, 'learning_rate': 0.3, 'n_estimators': 200}",-0.6846032992930087,-0.7187745483110762,-0.746661429693637,-0.7359528487229863,-0.7520628683693517,-0.727610998878012,0.02432342236172498,18,-0.0,-0.0,-0.0,-0.0,-0.0,0.0,0.0
57,14.054252099990844,0.12124122759279414,0.16079311370849608,0.01862748657152088,0.7,0.3,500,"{'colsample_bytree': 0.7, 'learning_rate': 0.3, 'n_estimators': 500}",-0.6889238020424194,-0.7054202670856246,-0.7305577376276512,-0.768958742632613,-0.750098231827112,-0.7287917562430841,0.029003970987654632,20,-0.0,-0.0,-0.0,-0.0,-0.0,0.0,0.0
58,23.638723516464232,0.31697591858302826,0.3461627960205078,0.03350521631402226,0.7,0.3,1000,"{'colsample_bytree': 0.7, 'learning_rate': 0.3, 'n_estimators': 1000}",-0.694815396700707,-0.7223095051060487,-0.7494108405341713,-0.7603143418467584,-0.7469548133595285,-0.7347609795094427,0.02352433267702801,26,-0.0,-0.0,-0.0,-0.0,-0.0,0.0,0.0
59,38.694743633270264,0.2970585655957075,0.6571496486663818,0.028374311819606556,0.7,0.3,2000,"{'colsample_bytree': 0.7, 'learning_rate': 0.3, 'n_estimators': 2000}",-0.7022780832678712,-0.7321288295365279,-0.7395915161036921,-0.7768172888015717,-0.7658153241650295,-0.7433262083749386,0.02627428625550303,28,-0.0,-0.0,-0.0,-0.0,-0.0,0.0,0.0
60,5.225075101852417,0.06572933351891753,0.03004007339477539,0.00027285001359456335,1.0,0.01,100,"{'colsample_bytree': 1.0, 'learning_rate': 0.01, 'n_estimators': 100}",-0.8915946582875098,-0.9516889238020424,-0.9171249018067557,-0.9367387033398821,-0.9359528487229862,-0.9266200071918351,0.020663361851040073,78,-0.8280298566097034,-0.8025928108426635,-0.7982714594382243,-0.801728370814102,-0.7925955023077679,-0.8046436000024922,0.01220968573657531
61,10.725809097290039,0.14814707515253103,0.06809978485107422,0.021088285690510595,1.0,0.01,200,"{'colsample_bytree': 1.0, 'learning_rate': 0.01, 'n_estimators': 200}",-0.8586017282010998,-0.9395129615082483,-0.8912018853102907,-0.9265225933202358,-0.9210216110019647,-0.907372155868368,0.029072703802681267,75,-0.7555490080534276,-0.7383618149675899,-0.7193085837752897,-0.7400569576745556,-0.7128547579298832,-0.7332262244801493,0.015362533933472398
62,24.879555177688598,0.12420503025574821,0.16566829681396483,0.022859059772542677,1.0,0.01,500,"{'colsample_bytree': 1.0, 'learning_rate': 0.01, 'n_estimators': 500}",-0.7796543597800472,-0.8515318146111548,-0.861351139041634,-0.8601178781925344,-0.8605108055009824,-0.8426331994252705,0.03168975749152957,66,-0.510803378511098,-0.5001964250638381,-0.5087409153407975,-0.5098693901600707,-0.5077089266424433,-0.5074638071436495,0.0037800925326518524
63,46.49098801612854,0.40702443007203154,0.35936598777770995,0.025589960622882654,1.0,0.01,1000,"{'colsample_bytree': 1.0, 'learning_rate': 0.01, 'n_estimators': 1000}",-0.7572663000785546,-0.7989002356637863,-0.7961508248232522,-0.831041257367387,-0.7960707269155206,-0.7958858689697001,0.02339471399851272,56,-0.2773521901394618,-0.2629149479473581,-0.27342368886269885,-0.2528724344495728,-0.27231660610821956,-0.2677759735014622,0.008831341960062944
64,87.39358878135681,0.5881338420833663,0.7031315326690674,0.021445037423639894,1.0,0.01,2000,"{'colsample_bytree': 1.0, 'learning_rate': 0.01, 'n_estimators': 2000}",-0.7250589159465829,-0.7282010997643362,-0.7674783974862529,-0.7779960707269156,-0.7858546168958742,-0.7569178201639923,0.02542753017389287,35,-0.07542722451384797,-0.07100766057748968,-0.06491848359850717,-0.06049297849356771,-0.07404497692232152,-0.06917826482114682,0.005650858472954974
65,5.0126244068145756,0.07342208790576805,0.0315284252166748,0.0019883418151216904,1.0,0.05,100,"{'colsample_bytree': 1.0, 'learning_rate': 0.05, 'n_estimators': 100}",-0.7871170463472114,-0.8491751767478397,-0.8637077769049489,-0.8605108055009824,-0.8750491159135559,-0.8471119842829078,0.031109745764281972,67,-0.5163032802985661,-0.5005892751915144,-0.5109015910430171,-0.5024059707355396,-0.496219188844152,-0.5052838612225579,0.00728664754320317
66,9.28916916847229,0.07066600715403144,0.05841231346130371,0.0007506083473403153,1.0,0.05,200,"{'colsample_bytree': 1.0, 'learning_rate': 0.05, 'n_estimators': 200}",-0.7564807541241163,-0.8059701492537313,-0.8212882953652789,-0.8416502946954814,-0.7996070726915521,-0.804999313226032,0.028258431448709532,59,-0.2711648006285602,-0.2596739343940287,-0.269495187585936,-0.2605322596484337,-0.26446037513502896,-0.2650653114783975,0.004621883251654377
67,21.42228126525879,0.24615775783590155,0.16061911582946778,0.02159568716682567,1.0,0.05,500,"{'colsample_bytree': 1.0, 'learning_rate': 0.05, 'n_estimators': 500}",-0.713668499607227,-0.723095051060487,-0.7596229379418696,-0.7654223968565815,-0.774852652259332,-0.7473323075450995,0.02431615457598692,29,-0.031035160086427028,-0.025437045767039874,-0.02966018463956001,-0.030639300795443386,-0.03554944515368752,-0.030464227288431567,0.0032290894803343293
68,41.04549841880798,0.7420813498063258,0.34055633544921876,0.027279021294427087,1.0,0.05,1000,"{'colsample_bytree': 1.0, 'learning_rate': 0.05, 'n_estimators': 1000}",-0.7014925373134329,-0.704241948153967,-0.7282010997643362,-0.7363457760314341,-0.7442043222003929,-0.7228971366927126,0.017141569429841973,13,-0.0003928501276762915,-0.0003928501276762915,-0.0003928501276762915,-0.0007856230973190612,-0.0003928115486595306,-0.0004713970058014932,0.0001571130464692631
69,74.1630741596222,1.2794170621912508,0.7170282363891601,0.037443526121675424,1.0,0.05,2000,"{'colsample_bytree': 1.0, 'learning_rate': 0.05, 'n_estimators': 2000}",-0.6881382560879812,-0.7058130400628436,-0.7234878240377062,-0.7190569744597249,-0.7414538310412574,-0.7155899851379026,0.017846683064302916,5,-0.0,-0.0,-0.0,-0.0,-0.0,0.0,0.0
70,4.6582808017730715,0.04001190311150054,0.030383586883544922,0.0001210483786702277,1.0,0.1,100,"{'colsample_bytree': 1.0, 'learning_rate': 0.1, 'n_estimators': 100}",-0.7545168892380204,-0.798114689709348,-0.8185388845247447,-0.8161100196463654,-0.8019646365422397,-0.7978490239321436,0.023048718135407396,57,-0.2704773129051267,-0.26045963464938127,-0.2588882341386761,-0.25945202788961996,-0.2682902877344594,-0.26351349946345265,0.004868821722115576
71,8.684889221191407,0.06079227041037082,0.06950130462646484,0.01937986039238255,1.0,0.1,200,"{'colsample_bytree': 1.0, 'learning_rate': 0.1, 'n_estimators': 200}",-0.7203456402199528,-0.7384131971720346,-0.7655145326001571,-0.7854616895874263,-0.7776031434184676,-0.7574676405996078,0.02447436393408781,37,-0.06629345904537419,-0.055490080534276176,-0.06521312119426438,-0.05960915250908377,-0.0673671805951095,-0.0627945987756216,0.004527755139752812
72,20.302346229553223,0.13423073940935698,0.15373849868774414,0.018985869189736472,1.0,0.1,500,"{'colsample_bytree': 1.0, 'learning_rate': 0.1, 'n_estimators': 500}",-0.6846032992930087,-0.7179890023566379,-0.7305577376276512,-0.7257367387033399,-0.7571709233791748,-0.7232115402719624,0.023372865111042536,15,-0.0003928501276762915,-0.0,-0.000785700255352583,-0.0007856230973190612,-0.0003928115486595306,-0.0004713970058014932,0.00029396768274244744
73,35.958685111999515,0.3456588104996907,0.3185559272766113,0.02486298165402086,1.0,0.1,1000,"{'colsample_bytree': 1.0, 'learning_rate': 0.1, 'n_estimators': 1000}",-0.6861743912018853,-0.7140612725844462,-0.7148468185388845,-0.7202357563850688,-0.7430255402750491,-0.7156687557970669,0.018124173235512426,6,-0.0,-0.0,-0.0,-0.0,-0.0,0.0,0.0
74,61.94035153388977,0.9032014470510014,0.673402738571167,0.017234046524556044,1.0,0.1,2000,"{'colsample_bytree': 1.0, 'learning_rate': 0.1, 'n_estimators': 2000}",-0.6763550667714061,-0.7152395915161037,-0.7293794186959938,-0.7292730844793713,-0.7493123772102162,-0.7199119077346181,0.02433385268623193,10,-0.0,-0.0,-0.0,-0.0,-0.0,0.0,0.0
75,4.400640916824341,0.063207575703788,0.04124817848205566,0.014610166815745689,1.0,0.3,100,"{'colsample_bytree': 1.0, 'learning_rate': 0.3, 'n_estimators': 100}",-0.6873527101335428,-0.7631578947368421,-0.7906520031421839,-0.7776031434184676,-0.768172888015717,-0.7573877278893507,0.036248291682689504,36,-0.013455116872912985,-0.00883912787271656,-0.013062266745236693,-0.008838259844839439,-0.015516056172051458,-0.011942165501551427,0.0026675612841931505
76,8.081089210510253,0.16962848761581742,0.06261553764343261,0.0074916674209360495,1.0,0.3,200,"{'colsample_bytree': 1.0, 'learning_rate': 0.3, 'n_estimators': 200}",-0.6849960722702279,-0.727808326787117,-0.7364493322859387,-0.7732809430255403,-0.7237721021611002,-0.7292613553059848,0.028217191888155448,21,-0.0,-0.0,-0.0,-0.0,-0.0003928115486595306,-7.856230973190612e-05,0.00015712461946381225
77,16.640019750595094,0.20181278570363895,0.1486751079559326,0.0012187097579528204,1.0,0.3,500,"{'colsample_bytree': 1.0, 'learning_rate': 0.3, 'n_estimators': 500}",-0.6692851531814611,-0.7054202670856246,-0.746661429693637,-0.7489194499017682,-0.7332023575638507,-0.7206977314852683,0.03001199365163237,11,-0.0,-0.0,-0.0,-0.0,-0.0,0.0,0.0
78,27.88700399398804,0.36261656123521263,0.3188172340393066,0.004580221942717107,1.0,0.3,1000,"{'colsample_bytree': 1.0, 'learning_rate': 0.3, 'n_estimators': 1000}",-0.664179104477612,-0.7219167321288296,-0.7439120188531029,-0.7430255402750491,-0.7253438113948919,-0.719675441425897,0.0291535110010721,9,-0.0,-0.0,-0.0,-0.0,-0.0,0.0,0.0
79,44.38252015113831,0.6382747967715419,0.6258844852447509,0.02331478792885682,1.0,0.3,2000,"{'colsample_bytree': 1.0, 'learning_rate': 0.3, 'n_estimators': 2000}",-0.6798900235663786,-0.7368421052631579,-0.762765121759623,-0.7442043222003929,-0.737524557956778,-0.732245226149266,0.027801272941517928,25,-0.0,-0.0,-0.0,-0.0,-0.0,0.0,0.0
